song,category,year,composer,lyricist,show,key,mode,key_verified,bars,pct_exact,events,attachments,twin_syllable_gap
A Blossom Fell,tin_pan_alley,1954,"Howard Barnes, Harold Cornelius, Dominic John","Howard Barnes, Harold Cornelius, Dominic John",,C,major,no,21,100.0,113,64,0
A Fine Romance,film,1936,Jerome Kern,Dorothy Fields,,Bb,major,no,33,100.0,82,76,0
A House Is Not A Home,film,1964,Burt Bacharach,Hal David,,A,minor,no,39,100.0,177,160,
A Hundred Years From Today,tin_pan_alley,1933,Victor Young,"Joe Young, Ned Washington",,C,major,no,29,100.0,119,88,2
A Ship Without A Sail,stage,1929,Richard Rodgers,Lorenz Hart,,A,major,no,56,100.0,167,153,
A Sinner Kissed An Angel,tin_pan_alley,1941,Larry Shayne,Mack David,,F,major,no,32,100.0,138,127,3
A Sleepin Bee,stage,1954,Harold Arlen,Truman Capote,House of Flowers,Ab,major,no,54,98.1,194,180,0
A Weaver Of Dreams,tin_pan_alley,1951,Victor Young,Jack Elliott,,G,major,no,32,100.0,106,104,1
Accentuate The Positive,film,1944,Harold Arlen,Johnny Mercer,Here Come the Waves,Eb,major,no,33,100.0,146,122,18
Ain't No Sunshine,pop,1971,Bill Withers,Bill Withers,,A,minor,no,37,83.8,230,168,
Ain't Nobody Here But Us Chickens,tin_pan_alley,1946,Alex Kramer,Joan Whitney,,Bb,major,no,57,100.0,288,192,10
Alfie,film,1966,Burt Bacharach,Hal David,,Bb,major,no,40,100.0,177,118,0
All In Love Is Fair,pop,1973,Stevie Wonder,Stevie Wonder,,D,minor,no,32,93.8,107,94,
All My Tomorrows,film,1959,Jimmy Van Heusen,Sammy Cahn,,F,major,no,31,100.0,130,112,1
All of You,stage,1954,Cole Porter,Cole Porter,,Db,major,yes,33,,79,76,
All Too Soon,jazz,1940,Duke Ellington,Carl Sigman,,Eb,major,no,41,100.0,158,114,0
Alone Together,tin_pan_alley,1932,Arthur Schwartz,Howard Dietz,,D,minor,no,34,100.0,94,69,1
And The Angels Sing,tin_pan_alley,1939,Ziggy Elman,Johnny Mercer,,Eb,major,no,49,100.0,146,124,0
Any Place I Hang My Hat is Home,stage,1946,Harold Arlen,Johnny Mercer,St. Louis Woman,F,major,no,45,100.0,176,149,0
Anything Goes,stage,1934,Cole Porter,Cole Porter,,C,major,yes,47,,196,167,
As Long As I Live,stage,1934,Harold Arlen,Ted Koehler,Cotton Club,Eb,major,no,26,100.0,127,98,2
Ask Me Again,tin_pan_alley,1930,George Gershwin,Ira Gershwin,,Bb,major,no,42,100.0,162,0,141
At Last,tin_pan_alley,1941,Harry Warren,Mack Gordon,,C,minor,no,32,100.0,96,84,1
At Long Last Love,stage,1938,Cole Porter,Cole Porter,,Bb,major,yes,33,,97,85,
Autumn Nocturne,tin_pan_alley,1941,Josef Myrow,Kim Gannon,,C,major,no,38,94.7,184,164,0
Baltimore Oriole,tin_pan_alley,1942,Hoagy Carmichael,Paul Francis Webster,,F,minor,no,36,83.3,160,116,32
Begin the Beguine,stage,1935,Cole Porter,Cole Porter,,C,major,yes,107,,327,268,
Bewitched,stage,1940,Richard Rodgers,Lorenz Hart,Pal Joey,Bb,major,no,33,100.0,112,99,0
Blue Champagne,tin_pan_alley,1941,"Grady Watts, Frank Ryerson",Jimmy Eaton,,C,major,no,34,100.0,146,115,0
Bluesette,bossa,1962,Toots Thielemans,Norman Gimbel,,F,major,no,88,19.3,159,142,1
Born To Be Blue,tin_pan_alley,1946,Mel Torme,Robert Wells,,C,major,no,32,100.0,160,109,3
Boulevard Of Broken Dreams,tin_pan_alley,1933,Harry Warren,Al Dubin,,Eb,minor,no,33,100.0,178,142,0
But Not For Me,stage,1930,George Gershwin,Ira Gershwin,,Bb,minor,no,57,96.5,159,157,0
By The Time I Get To Phoenix,pop,1967,Jimmy Webb,Jimmy Webb,,Ab,major,no,29,100.0,76,63,0
California Dreamin',pop,1965,"John Phillips, Michelle Phillips","John Phillips, Michelle Phillips",,Bb,minor,no,41,100.0,119,93,0
Call Me Irresponsible,film,1963,Jimmy Van Heusen,Sammy Cahn,,Eb,major,no,60,100.0,178,159,0
Can't Get Out Of This Mood,tin_pan_alley,1942,Jimmy McHugh,Frank Loesser,,Bb,major,no,41,100.0,141,107,2
Can't Take You Nowhere,tin_pan_alley,,,,,G,major,no,50,82.0,266,152,4
Change Partners,film,1938,Irving Berlin,Irving Berlin,,Eb,major,no,56,100.0,145,124,0
Charade,film,1963,Henry Mancini,Johnny Mercer,,Eb,minor,no,71,2.8,125,108,0
Cinnamon and Clove,tin_pan_alley,1966,Johnny Mandel,Marilyn and Alan Bergman,,Bb,minor,no,63,100.0,207,139,0
Close Enough For Love,tin_pan_alley,1979,Johnny Mandel,Paul Williams,,A,minor,no,34,100.0,112,110,0
Come Dance With Me,film,1959,Jimmy Van Heusen,Sammy Cahn,,G,major,no,44,97.7,175,123,1
Come In From The Rain,pop,1976,Melissa Manchester,Carole Bayer Sager,,G,major,no,41,100.0,181,156,2
Dancing on the Ceiling,stage,1930,Richard Rodgers,Lorenz Hart,Simp,F,major,no,52,100.0,151,138,1
Darn That Dream,tin_pan_alley,1939,Jimmy Van Heusen,Eddie DeLange,,G,minor,no,32,100.0,121,116,0
Day Dream,jazz,1940,"Duke Ellington, Billy Strayhorn",John Latouche,,Eb,major,no,32,100.0,93,83,1
"Day in, Day out",tin_pan_alley,1939,Rube Bloom,Johnny Mercer,,Bb,major,no,57,100.0,159,138,
Desafinado,bossa,1959,Antonio Carlos Jobim,Newton Mendonca,,F,major,no,60,100.0,240,173,1
Detour Ahead,tin_pan_alley,1947,"Herb Ellis, Lou Carter, Johnny Frigo","Herb Ellis, Lou Carter, Johnny Frigo",,C,major,no,28,100.0,119,111,1
Didn't We,pop,1967,Jimmy Webb,Jimmy Webb,,Bb,major,no,28,96.4,94,77,0
Do You Know What It Means To Miss New Orleans,tin_pan_alley,1947,Louis Alter,Eddie DeLange,,C,major,no,33,100.0,171,117,0
Don't Be That Way,tin_pan_alley,1934,"Benny Goodman, Edgar Sampson",Mitchell Parish,,Db,minor,no,33,90.9,88,0,75
Don't Fence Me In,stage,1934,Cole Porter,"Robert Fletcher, Cole Porter",,F,major,yes,33,,157,149,
Don't Get Around Much Anymore,jazz,1940,Duke Ellington,Bob Russell,,C,major,no,38,73.7,135,117,1
Don't Let Me Be Lonely Tonight,pop,1972,James Taylor,James Taylor,,D,major,no,42,92.9,203,109,7
Don't Like Goodbyes,stage,1954,Harold Arlen,Truman Capote,House of Flowers,Db,minor,no,51,100.0,203,153,0
Don't Look Back,tin_pan_alley,,,,,F,major,no,40,100.0,119,106,0
Don't Misunderstand,tin_pan_alley,1972,Gordon Parks,Gordon Parks,,F,major,no,37,100.0,123,90,
Don't You Know I Care,jazz,1944,Duke Ellington,Mack David,,C,major,no,27,100.0,97,82,1
Down With Love,stage,1937,Harold Arlen,Yip Harburg,Hooray for What,Bb,major,no,48,100.0,143,124,1
Dream Dancing,stage,1941,Cole Porter,Cole Porter,,Bb,major,yes,54,,127,109,
Dreamsville,film,1959,Henry Mancini,"Jay Livingston, Ray Evans",,F,major,no,32,100.0,83,75,0
Early Autumn,tin_pan_alley,1949,"Ralph Burns, Woody Herman",Johnny Mercer,,C,minor,no,33,100.0,154,132,1
Easy To Love,stage,1936,Cole Porter,Cole Porter,,Eb,major,yes,48,,136,124,
Every Time We Say Goodbye,stage,1944,Cole Porter,Cole Porter,,Eb,major,yes,38,,128,110,
Everybody's Talkin',pop,1966,Fred Neil,Fred Neil,,Eb,major,no,37,100.0,124,96,96
Falling In Love With Love,stage,1938,Richard Rodgers,Lorenz Hart,,Bb,minor,no,44,2.3,69,55,0
Far Away Places,tin_pan_alley,1948,Alex Kramer,Joan Whitney,,D,major,no,72,5.6,161,151,0
Fascinating Rhythm,stage,1924,George Gershwin,Ira Gershwin,,C,minor,no,48,100.0,228,208,12
Fools Rush In,film,1940,Rube Bloom,Johnny Mercer,,G,major,no,48,100.0,146,127,0
For All We Know,film,1934,J. Fred Coots,Sam M. Lewis,,Eb,minor,no,33,100.0,100,90,0
For Once in My Life,pop,1965,Orlando Murden,Ronald Miller,,C,major,no,40,100.0,161,147,6
Garden in the Rain,tin_pan_alley,1928,Carroll Gibbons,James Dyrenforth,,C,minor,no,32,100.0,100,93,1
Georgia on My Mind,tin_pan_alley,1930,Hoagy Carmichael,Stuart Gorrell,,Eb,major,no,34,100.0,108,86,0
Get Out Of Town,stage,1938,Cole Porter,Cole Porter,,G,minor,yes,34,,118,87,
Glad to Be Unhappy,stage,1936,Richard Rodgers,Lorenz Hart,On Your Toes,F,major,no,40,100.0,158,140,14
Gone With The Wind,tin_pan_alley,1937,Allie Wrubel,Herb Magidson,,C,major,no,32,100.0,98,93,0
Got To Get You Into My Life,pop,1966,Lennon and McCartney,Lennon and McCartney,,Eb,major,no,30,93.3,130,86,
Guess I'll Hang My Tears Out to Dry,tin_pan_alley,1944,Jule Styne,Sammy Cahn,,D,major,no,38,100.0,173,130,1
Gypsy In My Soul,tin_pan_alley,1937,Clay Boland,Moe Jaffe,,Eb,major,no,42,100.0,114,85,0
"Hallelujah, I Love Him So",tin_pan_alley,1956,Ray Charles,Ray Charles,,F,major,no,33,93.9,153,137,0
Harold's House of Jazz,tin_pan_alley,,,,,Bb,major,no,62,98.4,231,159,5
He Was Too Good To Me,stage,1930,Richard Rodgers,Lorenz Hart,,Bb,major,no,44,100.0,136,122,
Here's That Rainy Day,tin_pan_alley,1953,Jimmy Van Heusen,Johnny Burke,,F,major,no,32,100.0,80,80,0
"His Eyes, Her Eyes",film,1968,Michel Legrand,Marilyn and Alan Bergman,,G,major,no,38,100.0,111,104,1
Hit The Road to Dreamland,stage,1942,Harold Arlen,Johnny Mercer,Star Spangled,F,major,no,29,100.0,89,80,1
How Do You Keep the Music Playing,film,1982,Michel Legrand,Marilyn and Alan Bergman,,Eb,major,no,46,100.0,177,160,2
How Little We Know,tin_pan_alley,1944,Hoagy Carmichael,Johnny Mercer,,F,major,no,41,100.0,163,103,4
How Long Has,tin_pan_alley,1928,George Gershwin,Ira Gershwin,,Eb,major,no,32,100.0,127,107,0
I Believe in You,stage,1961,Frank Loesser,Frank Loesser,,Ab,major,no,65,100.0,124,113,1
I Concentrate On You,stage,1940,Cole Porter,Cole Porter,,C,major,yes,72,,163,141,
I Could Have Told You,tin_pan_alley,1954,Jimmy Van Heusen,Carl Sigman,,Ab,major,no,33,100.0,115,100,4
I Cover the Waterfront,tin_pan_alley,1933,Johnny Green,Edward Heyman,,Eb,major,no,45,100.0,177,150,2
I Fall in Love Too Easily,tin_pan_alley,1944,Jule Styne,Sammy Cahn,,Bb,major,no,16,100.0,62,53,0
I Get a Kick Out of You,stage,1934,Cole Porter,Cole Porter,,C,major,yes,64,,145,133,
I Get Along Without You Very Well,tin_pan_alley,1939,Hoagy Carmichael,Hoagy Carmichael,,Bb,major,no,52,100.0,146,127,0
I Had The Craziest Dream,film,1942,Harry Warren,Mack Gordon,,C,major,no,24,100.0,119,77,0
I Keep Going Back to Joe's,tin_pan_alley,1958,Marvin Fisher,Jack Segal,,C,major,no,22,81.8,127,107,1
I Let A Song Go Out Of My Heart,jazz,1938,Duke Ellington,"Irving Mills, Henry Nemo, John Redmond",,A,major,no,25,100.0,94,77,
I May Be Wrong,tin_pan_alley,1929,Henry Sullivan,Harry Ruskin,,Ab,major,no,48,100.0,136,119,
I Only Have Eyes For You,film,1934,Harry Warren,Al Dubin,,Bb,minor,no,37,100.0,109,93,0
I Remember You,film,1941,Victor Schertzinger,Johnny Mercer,,G,minor,no,40,100.0,102,96,0
I Should Care,tin_pan_alley,1944,"Axel Stordahl, Paul Weston",Sammy Cahn,,C,minor,no,32,100.0,89,89,1
I Want to Talk About You,tin_pan_alley,1944,Billy Eckstine,Billy Eckstine,,Bb,minor,no,33,100.0,142,115,0
I Was Doing All Right,stage,1938,George Gershwin,Ira Gershwin,,F,minor,no,34,100.0,109,105,0
I Will Wait For You,film,1964,Michel Legrand,Norman Gimbel,,G,minor,no,45,100.0,131,116,
I Wish I Knew,film,1945,Harry Warren,Mack Gordon,,Eb,major,no,32,100.0,85,84,0
I Wished On The Moon,film,1935,Ralph Rainger,Dorothy Parker,,Bb,major,no,33,100.0,97,82,1
I Won't Dance,stage,1935,Jerome Kern,"Dorothy Fields, Oscar Hammerstein II",,C,major,no,60,100.0,174,154,0
I Wonder What Became of Me,stage,1946,Harold Arlen,Johnny Mercer,St. Louis Woman,C,major,no,44,100.0,178,153,1
I'll Never Be The Same,tin_pan_alley,1932,"Matty Malneck, Frank Signorelli",Gus Kahn,,F,major,no,36,100.0,114,96,0
I'll Only Miss Her When I Think Of Her,tin_pan_alley,1965,Jimmy Van Heusen,Sammy Cahn,,G,major,no,39,100.0,117,104,0
I'm All Smiles,tin_pan_alley,1965,Michael Leonard,Herbert Martin,,C,major,no,66,1.5,137,122,0
I'm Gonna Laugh You Right Out Of My Life,tin_pan_alley,1955,Cy Coleman,Joseph McCarthy Jr.,,Eb,major,no,35,100.0,104,103,0
I'm Just A Lucky So And So,jazz,1945,Duke Ellington,Mack David,,A,major,no,32,100.0,145,116,
I'm Old Fashioned,film,1942,Jerome Kern,Johnny Mercer,,F,major,no,36,100.0,100,84,0
I'm Through With Love,tin_pan_alley,1931,"Matty Malneck, Fud Livingston",Gus Kahn,,Eb,major,no,27,100.0,122,106,0
I've Got You Under My Skin,stage,1936,Cole Porter,Cole Porter,,Eb,major,yes,63,,200,174,
I've Got Your Number,stage,1962,Cy Coleman,Carolyn Leigh,,F,minor,no,42,100.0,136,116,0
I've Never Been In Love Before,stage,1950,Frank Loesser,Frank Loesser,,Bb,minor,no,33,100.0,86,82,0
If The Moon Turns Green,tin_pan_alley,1935,Bernie Hanighen,Paul Coates,,Bb,major,no,39,100.0,195,169,2
Imagination,film,1940,Jimmy Van Heusen,Johnny Burke,,Db,major,no,37,97.3,134,126,0
In A Mellow Tone,jazz,1939,Duke Ellington,Milt Gabler,,A,major,no,33,100.0,96,70,
In love In Vain,tin_pan_alley,1946,Jerome Kern,Leo Robin,,Eb,major,no,33,100.0,100,97,0
In My Solitude,jazz,1934,Duke Ellington,"Eddie DeLange, Irving Mills",,Ab,minor,no,33,100.0,90,78,0
In Sentimental Mood,jazz,1935,Duke Ellington,"Manny Kurtz, Irving Mills",,A,major,no,26,100.0,107,83,
In the Still of the Night,stage,1937,Cole Porter,Cole Porter,,F,major,yes,77,,124,100,
Indian Summer,tin_pan_alley,1919,Victor Herbert,Al Dubin,,F,major,no,32,100.0,123,76,1
Invitation,film,1952,Bronislau Kaper,Paul Francis Webster,,C,minor,no,48,97.9,151,124,1
Isn't It A Pity,stage,1933,George Gershwin,Ira Gershwin,,A,major,no,48,100.0,201,160,
It Could Happen to You,tin_pan_alley,1944,Jimmy Van Heusen,Johnny Burke,,Eb,major,no,32,100.0,70,67,0
It Had Better Be Tonight,film,1963,Henry Mancini,Johnny Mercer,,A,minor,no,68,100.0,148,100,2
It Shouldn't Happen To A Dream,jazz,1946,Duke Ellington,"Don George, Johnny Hodges",,A,major,no,44,81.8,245,170,
It's All Right With Me,stage,1953,Cole Porter,Cole Porter,,C,major,yes,61,,146,124,
It's Always You,film,1941,Jimmy Van Heusen,Johnny Burke,,Ab,major,no,33,100.0,110,105,2
It's Easy To Remember,stage,1935,Richard Rodgers,Lorenz Hart,Mississippi,F,major,no,41,100.0,163,138,
It's The Talk Of The Town,tin_pan_alley,1933,Jerry Livingston,"Marty Symes, Al Neiburg",,F,minor,no,32,100.0,143,105,7
Jitterbug Waltz,jazz,1942,Fats Waller,Richard Maltby Jr.,,Eb,major,no,38,5.3,143,95,2
Joy Spring,jazz,1954,Clifford Brown,Jon Hendricks,,Bb,major,no,33,100.0,182,160,
Just One of Those Things,stage,1935,Cole Porter,Cole Porter,,F,major,yes,63,,146,120,
Just Squeeze Me,jazz,1941,Duke Ellington,Lee Gaines,,F,minor,no,26,100.0,104,83,4
"Just You, Just Me",tin_pan_alley,1929,Jesse Greer,Raymond Klages,,C,major,no,32,100.0,77,64,0
Landslide,pop,1975,Stevie Nicks,Stevie Nicks,,Eb,minor,no,89,97.8,268,193,
Lazy Bones,tin_pan_alley,,Hoagy Carmichael,,,Eb,major,no,32,96.9,137,125,3
Let's Get Away From It All,tin_pan_alley,1941,Matt Dennis,Tom Adair,,C,major,no,32,100.0,142,119,5
Like Someone In Love,film,1944,Jimmy Van Heusen,Johnny Burke,,Bb,minor,no,32,100.0,79,77,0
Listen Here,jazz,1967,Eddie Harris,Eddie Harris,,Gb,major,no,33,72.7,154,113,7
Little Jazz Bird,stage,1924,George Gershwin,Ira Gershwin,,Bb,major,no,58,98.3,219,191,
Long Ago And Far Away,film,1944,Jerome Kern,Ira Gershwin,,F,major,no,32,100.0,81,78,0
Look For The Silver Lining,stage,1920,Jerome Kern,Buddy DeSylva,,C,major,no,32,100.0,88,76,0
Lost In The Stars,stage,1949,Kurt Weill,Maxwell Anderson,,F,major,no,48,100.0,217,165,6
Love Came On Stealthy Fingers,film,1968,Michael Dees,Michael Dees,,F,major,no,33,100.0,152,122,0
Love For Sale,stage,1930,Cole Porter,Cole Porter,,Bb,minor,yes,84,,213,196,
Love Makes the Changes,tin_pan_alley,,Michel Legrand,,,Bb,major,no,30,93.3,194,147,4
Love Walked In,stage,1938,George Gershwin,Ira Gershwin,,Bb,major,no,47,100.0,126,122,0
Lullaby Of The Leaves,tin_pan_alley,1932,Bernice Petkere,Joe Young,,G,minor,no,32,100.0,135,120,
Maybe You'll Be There,tin_pan_alley,1947,Rube Bloom,Sammy Gallop,,C,major,no,30,100.0,131,118,3
Mood Indigo,jazz,1930,"Duke Ellington, Barney Bigard",Irving Mills,,F,major,no,32,100.0,109,93,0
Moon and Sand,tin_pan_alley,1941,Alec Wilder,"Morty Palitz, Bill Engvick",,F,minor,no,42,100.0,88,69,
Mountain Greenery,stage,1926,Richard Rodgers,Lorenz Hart,Garrick Gaities,C,major,no,40,100.0,151,107,0
My Heart Belongs to Daddy,stage,1938,Cole Porter,Cole Porter,,D,major,yes,33,,153,134,
My Heart Stood Still,stage,1927,Richard Rodgers,Lorenz Hart,,F,major,no,32,100.0,87,81,0
My Romance,stage,1935,Richard Rodgers,Lorenz Hart,Jumbo,Bb,major,no,33,100.0,93,92,0
My Shining Hour,film,1943,Harold Arlen,Johnny Mercer,The Sky's the Limit,C,major,no,32,100.0,62,57,0
My Ship,stage,1941,Kurt Weill,Ira Gershwin,,F,major,no,39,100.0,136,132,1
Never Make Your Move Too Soon,pop,1978,Stix Hooper,Will Jennings,,F,major,no,32,87.5,116,74,
Nice 'n' Easy,film,1960,Lew Spence,Marilyn and Alan Bergman,,C,major,no,44,100.0,136,111,2
Nice Work If You Can Get it,stage,1937,George Gershwin,Ira Gershwin,,F,major,no,54,100.0,208,192,0
Night and Day,stage,1932,Cole Porter,Cole Porter,,D,major,yes,64,,233,196,
No More Blues,bossa,1958,Antonio Carlos Jobim,Vinicius de Moraes,,G,major,no,68,100.0,229,177,0
Nobody Else But Me,stage,1946,Jerome Kern,Oscar Hammerstein II,,C,major,no,52,100.0,142,141,0
Nobody Knows You When You're Down And Out,tin_pan_alley,1923,Jimmy Cox,Jimmy Cox,,C,major,no,32,100.0,161,124,3
Nothing Ever Changes (My Love For You),tin_pan_alley,1958,Marvin Fisher,Jack Segal,,Eb,major,no,43,100.0,134,109,
Oh Look At Me Now,tin_pan_alley,1941,Joe Bushkin,John DeVries,,C,minor,no,33,100.0,149,105,1
Oh You Crazy Moon,film,1939,Jimmy Van Heusen,Johnny Burke,,F,major,no,32,100.0,104,90,2
Once Upon a Summertime,bossa,1954,Michel Legrand,Johnny Mercer,,Ab,major,no,34,2.9,144,137,1
Our Love Rolls On,tin_pan_alley,,,,,G,major,no,39,94.9,200,137,4
Out of This World,stage,1945,Harold Arlen,Johnny Mercer,Out Of This World,C,major,no,73,100.0,167,134,0
Peace,jazz,1959,Horace Silver,Horace Silver,,F,major,no,11,81.8,50,44,0
Pick Yourself Up,film,1936,Jerome Kern,Dorothy Fields,,F,major,no,37,100.0,144,131,1
Pieces of Dreams,film,1970,Michel Legrand,Marilyn and Alan Bergman,,C,major,no,44,100.0,165,139,2
Please Be Kind,tin_pan_alley,1938,Saul Chaplin,Sammy Cahn,,C,major,no,32,100.0,90,85,0
Please Don't Talk About Me When I'm Gone,tin_pan_alley,1930,Sam H. Stept,Sidney Clare,,C,major,no,32,100.0,111,92,1
Quietly There,film,1966,Johnny Mandel,Johnny Mercer,,Eb,major,no,48,100.0,135,106,0
Reflections,tin_pan_alley,,,,,Bb,major,no,26,92.3,109,97,1
Rules of the Road,tin_pan_alley,1961,Cy Coleman,Carolyn Leigh,,F,major,no,37,100.0,171,128,1
Serenade in Blue,film,1942,Harry Warren,Mack Gordon,,F,major,no,32,100.0,169,138,16
Skylark,tin_pan_alley,1941,Hoagy Carmichael,Johnny Mercer,,Ab,minor,no,26,100.0,127,104,
Slow Hot Wind,film,1965,Henry Mancini,Norman Gimbel,,F,minor,no,26,96.2,58,44,
So Far Away,pop,1971,Carole King,Carole King,,Eb,major,no,48,95.8,274,185,
Social Call,jazz,1955,Gigi Gryce,Jon Hendricks,,Eb,major,no,27,100.0,105,81,1
"Softly, As In A Morning Sunrise",stage,1928,Sigmund Romberg,Oscar Hammerstein II,,A,minor,no,25,96.0,78,75,
Solitary Moon,film,1990,Johnny Mandel,Marilyn and Alan Bergman,,D,minor,no,58,89.7,209,154,1
Someone To Light Up My Life,bossa,1964,Antonio Carlos Jobim,"Vinicius de Moraes, Gene Lees",,Bb,major,no,48,97.9,158,133,5
Something's Gotta Give,film,1954,Johnny Mercer,Johnny Mercer,,C,major,no,52,100.0,172,134,4
Sometimes I'm Happy,stage,1927,Vincent Youmans,Irving Caesar,,Eb,major,no,32,100.0,78,72,0
Spring Can Really Hang You Up The Most,tin_pan_alley,1955,Tommy Wolf,Fran Landesman,,C,minor,no,46,100.0,223,188,2
Spring Isn't Everything,tin_pan_alley,1950,Alec Wilder,Bill Engvick,,Eb,major,no,56,98.2,176,164,1
Straighten Up and Fly Right,tin_pan_alley,1943,Nat King Cole,Irving Mills,,Ab,minor,no,48,97.9,241,112,10
Street Of Dreams,tin_pan_alley,1932,Victor Young,Sam M. Lewis,,Db,major,no,32,100.0,132,109,8
"Summer Me, Winter Me",film,1969,Michel Legrand,Marilyn and Alan Bergman,,D,major,no,34,100.0,164,124,0
Summer Wind,tin_pan_alley,1965,Heinz Meier,Johnny Mercer,,Db,major,no,49,95.9,144,115,
"Sunday, Monday or Always",film,1943,Jimmy Van Heusen,Johnny Burke,,Ab,major,no,29,100.0,144,127,1
Telephone Song,stage,1966,John Kander,Fred Ebb,,Ab,major,no,39,82.1,220,124,29
The Fool On the Hill,pop,1967,Lennon and McCartney,Lennon and McCartney,,Bb,major,no,40,87.5,110,87,0
The Frim Fram Sauce,tin_pan_alley,1945,Joe Ricardel,Redd Evans,,Bb,major,no,37,94.6,168,123,0
The Good Life,film,1962,Sacha Distel,Jack Reardon,,Ab,major,no,33,78.8,139,91,15
The Lamp is Low,tin_pan_alley,1939,"Peter DeRose, Bert Shefter",Mitchell Parish,,F,major,no,44,100.0,95,83,0
The Last Dance,tin_pan_alley,1958,Jimmy Van Heusen,Sammy Cahn,,G,major,no,37,100.0,128,111,0
The Moon Is Harsh Mistress,tin_pan_alley,1974,Jimmy Webb,Jimmy Webb,,A,major,no,39,89.7,147,98,
The More I See You,film,1945,Harry Warren,Mack Gordon,,Eb,major,no,33,100.0,94,81,0
The Nearness Of You,tin_pan_alley,1938,Hoagy Carmichael,Ned Washington,,F,minor,no,31,100.0,92,82,3
The Night We Called It Day,tin_pan_alley,1941,Matt Dennis,Tom Adair,,A,major,no,26,100.0,89,79,
The Party's Over,stage,1956,Jule Styne,"Betty Comden, Adolph Green",,C,major,no,37,100.0,116,98,1
The Ruby and the Pearl,tin_pan_alley,1952,Victor Young,"Jay Livingston, Ray Evans",,D,minor,no,43,81.4,105,83,0
The Second Time Around,film,1960,Jimmy Van Heusen,Sammy Cahn,,C,major,no,37,100.0,121,103,0
The Shining Sea,film,1965,Johnny Mandel,Peggy Lee,,Bb,major,no,34,100.0,99,77,0
The Song Is You,stage,1932,Jerome Kern,Oscar Hammerstein II,,Bb,major,no,32,100.0,172,114,3
The Summer Knows,film,1971,Michel Legrand,Marilyn and Alan Bergman,,D,minor,no,30,96.7,132,92,1
The Way We Were,film,1973,Marvin Hamlisch,Marilyn and Alan Bergman,,Bb,major,no,43,100.0,144,124,2
Then I'll Be Tired of You,tin_pan_alley,1934,Arthur Schwartz,Yip Harburg,,Bb,major,no,43,100.0,151,130,3
There Will Never Be Another You,tin_pan_alley,1942,Harry Warren,Mack Gordon,,Db,major,no,33,100.0,97,92,0
There'll Be Some Changes Made,tin_pan_alley,1921,Benton Overstreet,Billy Higgins,,Bb,major,no,19,100.0,107,80,0
These Foolish Things,tin_pan_alley,1936,Jack Strachey,Eric Maschwitz,,C,major,no,32,100.0,136,110,6
They all Laughed,stage,1937,George Gershwin,Ira Gershwin,,Eb,major,no,38,81.6,138,122,3
This Can't Be Love,stage,1938,Richard Rodgers,Lorenz Hart,,G,major,no,32,100.0,80,70,0
This Could Be The Start Of Something Big,tin_pan_alley,1956,Steve Allen,Steve Allen,,C,major,no,59,100.0,198,172,1
This Funny World,stage,1926,Richard Rodgers,Lorenz Hart,Betsy,G,major,no,32,100.0,115,103,7
This Heart of Mine,film,1945,Harry Warren,Arthur Freed,,F,major,no,42,97.6,147,130,0
This is Always,film,1946,Harry Warren,Mack Gordon,,F,major,no,24,100.0,89,72,0
This Masquerade,pop,1972,Leon Russell,Leon Russell,,F,minor,no,35,100.0,122,72,
This Time the Dream's On Me,film,1941,Harold Arlen,Johnny Mercer,Blues in the Night,Eb,major,no,27,100.0,90,66,0
This Will Make You Laugh,tin_pan_alley,1941,Irene Higginbotham,Irene Higginbotham,,Eb,major,no,32,84.4,116,98,0
Too Darn Hot,stage,1948,Cole Porter,Cole Porter,,C,minor,yes,22,,79,64,
Trust In Me,tin_pan_alley,1936,"Milton Ager, Jean Schwartz",Ned Wever,,C,major,no,26,100.0,84,76,72
Two Sleepy People,tin_pan_alley,1938,Hoagy Carmichael,Frank Loesser,,C,major,no,32,100.0,176,152,5
Unless It's You,tin_pan_alley,1970,Johnny Mandel,Marilyn and Alan Bergman,,F,major,no,33,100.0,82,70,0
Until I Met You (Corner Pocket),jazz,1955,Freddie Green,Don Wolf,,C,minor,no,27,100.0,134,90,3
Until The Real Thing Comes Along,tin_pan_alley,1936,"Mann Holiner, Alberta Nichols","Sammy Cahn, Saul Chaplin",,C,major,no,27,92.6,119,98,3
Up A Lazy River,tin_pan_alley,1930,Hoagy Carmichael,Sidney Arodin,,A,major,no,18,94.4,107,85,
Up On The Roof,pop,1962,Carole King,Gerry Goffin,,E,major,no,51,98.0,182,133,0
"Well, Did You Evah!",stage,1939,Cole Porter,Cole Porter,,F,major,yes,36,,104,104,
What Are You Afraid Of,tin_pan_alley,,,,,Eb,major,no,40,100.0,155,116,2
What Is This Thing Called Love,stage,1929,Cole Porter,Cole Porter,,A,major,yes,49,,131,117,
What The World Needs Now,pop,1965,Burt Bacharach,Hal David,,Eb,major,no,42,2.4,111,97,0
Wheelers and Dealers,tin_pan_alley,,,,,Ab,major,no,45,93.3,160,104,3
When The Sun Comes Out,tin_pan_alley,1941,Harold Arlen,Ted Koehler,,C,major,no,39,100.0,183,132,0
Where Is Love,stage,1960,Lionel Bart,Lionel Bart,,Eb,major,no,40,100.0,152,115,1
Where or When,stage,1937,Richard Rodgers,Lorenz Hart,Babes in Arms,Eb,major,no,51,96.1,144,127,1
Why Try To Change Me Now,tin_pan_alley,1952,Cy Coleman,Joseph McCarthy Jr.,,Eb,major,no,26,96.2,138,111,22
Windmills of Your Mind,film,1968,Michel Legrand,Marilyn and Alan Bergman,,C,minor,no,40,100.0,278,215,
You Better Go Now,tin_pan_alley,1936,Robert Graham,Bickley Reichner,,Eb,major,no,25,84.0,106,81,1
You Can't Rush Spring,tin_pan_alley,,,,,C,major,no,53,100.0,180,133,2
You Do Something To Me,stage,1929,Cole Porter,Cole Porter,,Eb,major,yes,32,,64,60,
You Must Believe In Spring,film,1967,Michel Legrand,Marilyn and Alan Bergman,,F,minor,no,52,96.2,153,152,1
You re Nearer,stage,1940,Richard Rodgers,Lorenz Hart,,Eb,major,no,48,64.6,153,130,
You'd Be So Nice To Come Home To,stage,1943,Cole Porter,Cole Porter,,F,minor,yes,31,,77,58,
You're My Thrill,tin_pan_alley,1933,Jay Gorney,Sidney Clare,,Eb,minor,no,36,100.0,95,94,0
You're The Cream In My Coffee,stage,1928,Ray Henderson,"Buddy DeSylva, Lew Brown",,Bb,major,no,25,100.0,98,62,1
You're The Top,stage,1934,Cole Porter,Cole Porter,,F,major,yes,51,,179,146,
You've Changed,tin_pan_alley,1942,Carl Fischer,Bill Carey,,Eb,minor,no,33,100.0,127,108,0
Zanzibar,tin_pan_alley,,,,,Bb,major,no,56,100.0,125,104,
